Last Update;Continent;Region;ICC;ID;Country;ID;;Province;ID;District;ZIP;Area;Population;"Cases 
/
100.000";Confirmed;Deaths;Recovered;OpenStreetMap;Lat.;Long.;#
;;;;;;;;;;;;;;;;;;;;;
;;;;;;;;;;;;;;;;;;;;;
;;;;;;;;;;;;;;;;;;;;;
;;;;;;;;;;;;;;;195.067;7.893;80.773;;;;
;;;;;;;;;;;;;;;;;;;;;
;;;;;;;;;;;;;;;;;;;;;
2020-03-17 19:52;Europe;Western Europe;49;DEU;Germany;BW;;Baden-Württemberg;;;;;10.483.012;14,11;1.479;2;;https://www.openstreetmap.org/#map=8/52,4009309/13,0591397&layers=T;52,4009309;13,0591397;
2020-03-17 19:52;Europe;Western Europe;49;DEU;Germany;BY;;Bayern;;;;;12.412.404;8,93;1.109;4;;https://www.openstreetmap.org/#map=8/52,5170365/13,3888599&layers=T;52,5170365;13,3888599;
2020-03-17 19:52;Europe;Western Europe;49;DEU;Germany;BE;;Berlin;;;;;3.291.932;10,48;345;0;;https://www.openstreetmap.org/#map=8/48,7784485/9,1800132&layers=T;48,7784485;9,1800132;
2020-03-17 19:52;Europe;Western Europe;49;DEU;Germany;BB;;Brandenburg;;;;;2.465.928;2,96;73;0;;https://www.openstreetmap.org/#map=8/48,14/11,15477&layers=T;48,14;11,15477;
2020-03-17 19:52;Europe;Western Europe;49;DEU;Germany;HB;;Bremen;;;;;650.715;8,76;57;0;;https://www.openstreetmap.org/#map=8/53,3057/8,7362&layers=T;53,3057;8,7362;
2020-03-17 19:52;Europe;Western Europe;49;DEU;Germany;HH;;Hamburg;;;;;1.675.840;18,50;310;0;;https://www.openstreetmap.org/#map=8/50,0823/8,2417&layers=T;50,0823;8,2417;
2020-03-17 19:52;Europe;Western Europe;49;DEU;Germany;HE;;Hessen;;;;;5.988.463;6,23;373;0;;https://www.openstreetmap.org/#map=8/53,621/10,01&layers=T;53,621;10,01;
2020-03-17 19:52;Europe;Western Europe;49;DEU;Germany;MV;;Mecklenburg-Vorpommern;;;;;1.620.815;2,78;45;0;;https://www.openstreetmap.org/#map=8/53,6159/11,4008&layers=T;53,6159;11,4008;
2020-03-17 19:52;Europe;Western Europe;49;DEU;Germany;NI;;Niedersachsen;;;;;7.790.533;4,17;325;0;;https://www.openstreetmap.org/#map=8/52,3798/9,7614&layers=T;52,3798;9,7614;
2020-03-17 19:52;Europe;Western Europe;49;DEU;Germany;NW;;Nordrhein-Westfalen;;;;;17.557.361;11,99;2.105;6;;https://www.openstreetmap.org/#map=8/51,2254018/6,7763137&layers=T;51,2254018;6,7763137;
2020-03-17 19:52;Europe;Western Europe;49;DEU;Germany;RP;;Rheinland-Pfalz;;;;;3.998.474;11,05;442;0;;https://www.openstreetmap.org/#map=8/50,0012314/8,2762513&layers=T;50,0012314;8,2762513;
2020-03-17 19:52;Europe;Western Europe;49;DEU;Germany;SL;;Saarland;;;;;1.000.446;7,50;75;0;;https://www.openstreetmap.org/#map=8/54,3227085/10,135555&layers=T;54,3227085;10,135555;
2020-03-17 19:52;Europe;Western Europe;49;DEU;Germany;SN;;Sachsen;;;;;4.065.743;4,48;182;0;;https://www.openstreetmap.org/#map=8/49,2472/6,9828&layers=T;49,2472;6,9828;
2020-03-17 19:52;Europe;Western Europe;49;DEU;Germany;ST;;Sachsen-Anhalt;;;;;2.290.034;2,53;58;0;;https://www.openstreetmap.org/#map=8/51,0493286/13,7381437&layers=T;51,0493286;13,7381437;
2020-03-17 19:52;Europe;Western Europe;49;DEU;Germany;SH;;Schleswig-Holstein;;;;;2.838.231;4,47;127;0;;https://www.openstreetmap.org/#map=8/52,1315889/11,6399609&layers=T;52,1315889;11,6399609;
2020-03-17 19:52;Europe;Western Europe;49;DEU;Germany;TH;;Thüringen;;;;;2.192.320;2,33;51;0;;https://www.openstreetmap.org/#map=8/50,9777974/11,0287364&layers=T;50,9777974;11,0287364;
;;;;;;;;;;;;;;0,00;;;;;;;
2020-03-17 11:53;Asia;Eastern Asia;86;CHN;China;鄂;;Hubei;;;;;59.170.000;114,58;67.799;3.111;56.003;https://www.openstreetmap.org/#map=5/30.9756/112.2707&layers=T;30.9756;112.2707;1
2020-03-17 18:33;Europe;Southern Europe;39;ITA;Italy;;;;;;;;60.247.214;52,29;31.506;2.503;2.941;https://www.openstreetmap.org/#map=5/41.8719/12.5674&layers=T;41.8719;12.5674;2
2020-03-17 15:13;Asia;Southern Asia;98;IRN;Iran;;;;;;;;83.241.033;19,42;16.169;988;5.389;https://www.openstreetmap.org/#map=5/32.4279/53.6880&layers=T;32.4279;53.6880;3
2020-03-17 20:53;Europe;Southern Europe;34;ESP;Spain;;;;;;;;47.100.396;24,94;11.748;533;1.028;https://www.openstreetmap.org/#map=5/40.4637/-3.7492&layers=T;40.4637;-3.7492;4
;0;0;;;;;;;;;;;;0,00;0;0;0;https://www.openstreetmap.org/#map=5/51.1657/10.4515&layers=T;51.1657;10.4515;5
2020-03-17 10:33;Asia;Eastern Asia;82;KOR;South Korea;;;;;;;;51.780.579;16,07;8.320;81;1.407;https://www.openstreetmap.org/#map=5/35.9078/127.7669&layers=T;35.9078;127.7669;6
2020-03-17 19:13;Europe;Western Europe;33;FRA;France;;X;;;;;;67.064.000;11,41;7.652;148;12;https://www.openstreetmap.org/#map=5/46.2276/2.2137&layers=T;46.2276;2.2137;7
2020-03-17 16:33;Europe;Western Europe;41;CHE;Switzerland;;;;;;;;8.586.550;31,44;2.700;27;4;https://www.openstreetmap.org/#map=5/46.8182/8.2275&layers=T;46.8182;8.2275;8
2020-03-17 15:13;Europe;Northern Europe;44;GBR;United Kingdom;;X;;;;;;66.435.600;2,94;1.950;55;52;https://www.openstreetmap.org/#map=5/55.3781/-3.4360&layers=T;55.3781;-3.4360;9
2020-03-17 22:53;Americas;Northern America;1;USA;United States;NY;;New York;;;;;19.378.102;8,80;1.706;13;0;https://www.openstreetmap.org/#map=5/42.1657/-74.9481&layers=T;42.1657;-74.9481;10
2020-03-17 15:13;Europe;Western Europe;31;NLD;Netherlands;;X;;;;;;17.439.481;9,78;1.705;43;2;https://www.openstreetmap.org/#map=5/52.1326/5.2913&layers=T;52.1326;5.2913;11
2020-03-17 19:53;Europe;Northern Europe;47;NOR;Norway;;;;;;;;5.367.580;27,26;1.463;3;1;https://www.openstreetmap.org/#map=5/60.4720/8.4689&layers=T;60.4720;8.4689;12
2020-03-17 01:53;Asia;Eastern Asia;86;CHN;China;粤;;Guangdong;;;;;113.460.000;1,20;1.364;8;1.307;https://www.openstreetmap.org/#map=5/23.3417/113.4244&layers=T;23.3417;113.4244;13
2020-03-17 15:33;Europe;Western Europe;43;AUT;Austria;;;;;;;;8.902.600;14,96;1.332;3;1;https://www.openstreetmap.org/#map=5/47.5162/14.5501&layers=T;47.5162;14.5501;14
2020-03-14 09:53;Asia;Eastern Asia;86;CHN;China;豫;;Henan;;;;;96.050.000;1,33;1.273;22;1.250;https://www.openstreetmap.org/#map=5/33.8820/113.6140&layers=T;33.8820;113.6140;15
2020-03-17 15:33;Europe;Western Europe;32;BEL;Belgium;;;;;;;;11.524.454;10,79;1.243;10;1;https://www.openstreetmap.org/#map=5/50.5039/4.4699&layers=T;50.5039;4.4699;16
2020-03-17 02:13;Asia;Eastern Asia;86;CHN;China;浙;;Zhejiang;;;;;57.370.000;2,15;1.232;1;1.216;https://www.openstreetmap.org/#map=5/29.1832/120.0934&layers=T;29.1832;120.0934;17
2020-03-17 15:33;Europe;Northern Europe;46;SWE;Sweden;;;;;;;;10.327.589;11,52;1.190;7;1;https://www.openstreetmap.org/#map=5/60.1282/18.6435&layers=T;60.1282;18.6435;18
2020-03-17 23:33;Americas;Northern America;1;USA;United States;WA;;Washington;;;;;6.724.540;16,00;1.076;55;1;https://www.openstreetmap.org/#map=5/47.4009/-121.4905&layers=T;47.4009;-121.4905;19
2020-03-14 08:33;Asia;Eastern Asia;86;CHN;China;湘;;Hunan;;;;;68.990.000;1,48;1.018;4;1.014;https://www.openstreetmap.org/#map=5/27.6104/111.7088&layers=T;27.6104;111.7088;20
2020-03-11 02:18;Asia;Eastern Asia;86;CHN;China;皖;;Anhui;;;;;63.240.000;1,57;990;6;984;https://www.openstreetmap.org/#map=5/31.8257/117.2264&layers=T;31.8257;117.2264;21
2020-03-17 16:33;Europe;Northern Europe;45;DNK;Denmark;;X;;;;;;5.822.763;16,78;977;4;1;https://www.openstreetmap.org/#map=5/56.2639/9.5018&layers=T;56.2639;9.5018;22
2020-03-12 02:13;Asia;Eastern Asia;86;CHN;China;赣;;Jiangxi;;;;;46.480.000;2,01;935;1;934;https://www.openstreetmap.org/#map=5/27.6140/115.7221&layers=T;27.6140;115.7221;23
2020-03-17 16:53;Asia;Eastern Asia;81;JPN;Japan;;;;;;;;126.010.000;0,70;878;29;144;https://www.openstreetmap.org/#map=5/36.2048/138.2529&layers=T;36.2048;138.2529;24
2020-03-17 00:33;Asia;Eastern Asia;86;CHN;China;鲁;;Shandong;;;;;100.470.000;0,76;761;7;746;https://www.openstreetmap.org/#map=5/36.3427/118.1498&layers=T;36.3427;118.1498;25
2020-03-17 22:53;Americas;Northern America;1;USA;United States;CA;;California;;;;;37.253.956;1,87;698;12;6;https://www.openstreetmap.org/#map=5/36.1162/-119.6816&layers=T;36.1162;-119.6816;26
2020-03-13 14:13;In;Between;5;IC;International Conveyance;1;;Diamond Princess;;;;;3.700;19 %;696;7;325;https://www.openstreetmap.org/#map=5/35.4498/139.6649&layers=T;35.4498;139.6649;27
2020-03-17 15:33;Asia;South-eastern Asia;60;MYS;Malaysia;;;;;;;;32.704.760;2,06;673;2;49;https://www.openstreetmap.org/#map=5/4.2105/101.9758&layers=T;4.2105;101.9758;28
2020-03-15 01:53;Asia;Eastern Asia;86;CHN;China;苏;;Jiangsu;;;;;80.510.000;0,78;631;0;631;https://www.openstreetmap.org/#map=5/32.9711/119.4550&layers=T;32.9711;119.4550;29
2020-03-15 03:53;Asia;Eastern Asia;86;CHN;China;渝;;Chongqing;;;;;31.020.000;1,86;576;6;570;https://www.openstreetmap.org/#map=5/30.0572/107.8740&layers=T;30.0572;107.8740;30
2020-03-17 08:33;Asia;Eastern Asia;86;CHN;China;川;;Sichuan;;;;;83.410.000;0,65;540;3;520;https://www.openstreetmap.org/#map=5/30.6171/102.7103&layers=T;30.6171;102.7103;31
2020-03-17 01:33;Asia;Eastern Asia;86;CHN;China;黑;;Heilongjiang;;;;;37.730.000;1,28;482;13;456;https://www.openstreetmap.org/#map=5/47.8620/127.7615&layers=T;47.8620;127.7615;32
2020-03-17 10:53;Asia;Eastern Asia;86;CHN;China;京;;Beijing;;;;;21.540.000;2,12;456;8;369;https://www.openstreetmap.org/#map=5/40.1824/116.4142&layers=T;40.1824;116.4142;33
2020-03-17 15:33;Europe;Southern Europe;351;PRT;Portugal;;;;;;;;10.276.617;4,36;448;1;3;https://www.openstreetmap.org/#map=5/39.3999/-8.2245&layers=T;39.3999;-8.2245;34
2020-03-16 15:13;Asia;Western Asia;974;QAT;Qatar;;;;;;;;2.747.282;15,98;439;0;4;https://www.openstreetmap.org/#map=5/25.3548/51.1839&layers=T;25.3548;51.1839;35
2020-03-17 15:33;Europe;Eastern Europe;420;CZE;Czechia;;;;;;;;10.681.161;3,71;396;0;3;https://www.openstreetmap.org/#map=5/49.8175/15.4730&layers=T;49.8175;15.4730;36
2020-03-17 16:33;Europe;Southern Europe;30;GRC;Greece;;;;;;;;10.724.599;3,61;387;5;8;https://www.openstreetmap.org/#map=5/39.0742/21.8243&layers=T;39.0742;21.8243;37
2020-03-17 02:13;Asia;Eastern Asia;86;CHN;China;沪;;Shanghai;;;;;24.240.000;1,48;358;3;325;https://www.openstreetmap.org/#map=5/31.2020/121.4491&layers=T;31.2020;121.4491;38
2020-03-17 20:53;Asia;Western Asia;972;ISR;Israel;;;;;;;;9.166.000;3,68;337;0;11;https://www.openstreetmap.org/#map=5/31.0461/34.8516&layers=T;31.0461;34.8516;39
2020-03-17 15:33;Americas;South America;55;BRA;Brazil;;;;;;;;211.191.084;0,15;321;1;2;https://www.openstreetmap.org/#map=5/-14.2350/-51.9253&layers=T;-14.2350;-51.9253;40
2020-03-17 12:33;Europe;Northern Europe;358;FIN;Finland;;;;;;;;5.527.573;5,81;321;0;10;https://www.openstreetmap.org/#map=5/61.9241/25.7482&layers=T;61.9241;25.7482;41
2020-03-13 11:09;Asia;Eastern Asia;86;CHN;China;冀;;Hebei;;;;;75.560.000;0,42;318;6;310;https://www.openstreetmap.org/#map=5/38.0428/114.5149&layers=T;38.0428;114.5149;42
2020-03-11 02:18;Asia;Eastern Asia;86;CHN;China;闽;;Fujian;;;;;39.410.000;0,75;296;1;295;https://www.openstreetmap.org/#map=5/26.0789/117.9874&layers=T;26.0789;117.9874;43
2020-03-17 16:53;Europe;Southern Europe;386;SVN;Slovenia;;;;;;;;2.094.060;13,13;275;1;0;https://www.openstreetmap.org/#map=5/46.1512/14.9955&layers=T;46.1512;14.9955;44
2020-03-17 20:13;Americas;Northern America;1;USA;United States;NJ;;New Jersey;;;;;8.791.894;3,04;267;3;1;https://www.openstreetmap.org/#map=5/40.2989/-74.5210&layers=T;40.2989;-74.5210;45
2020-03-17 15:33;Asia;South-eastern Asia;65;SGP;Singapore;;;;;;;;5.703.600;4,66;266;0;114;https://www.openstreetmap.org/#map=5/1.3521/103.8198&layers=T;1.3521;103.8198;46
2020-03-17 00:33;Asia;Eastern Asia;86;CHN;China;桂;;Guangxi;;;;;49.260.000;0,51;253;2;248;https://www.openstreetmap.org/#map=5/23.8298/108.7881&layers=T;23.8298;108.7881;47
2020-03-17 10:53;Asia;Eastern Asia;86;CHN;China;陕;;Shaanxi;;;;;38.640.000;0,64;246;3;236;https://www.openstreetmap.org/#map=5/35.1917/108.8701&layers=T;35.1917;108.8701;48
2020-03-17 20:53;Europe;Eastern Europe;48;POL;Poland;;;;;;;;38.386.000;0,62;238;5;13;https://www.openstreetmap.org/#map=5/51.9194/19.1451&layers=T;51.9194;19.1451;49
2020-03-17 15:33;Asia;Southern Asia;92;PAK;Pakistan;;;;;;;;208.203.777;0,11;236;0;2;https://www.openstreetmap.org/#map=5/30.3753/69.3451&layers=T;30.3753;69.3451;50
2020-03-17 03:13;Asia;Western Asia;973;BHR;Bahrain;;;;;;;;1.543.300;14,77;228;1;81;https://www.openstreetmap.org/#map=5/26.0667/50.5577&layers=T;26.0667;50.5577;51
2020-03-17 10:33;Europe;Northern Europe;372;EST;Estonia;;;;;;;;1.328.360;16,94;225;0;1;https://www.openstreetmap.org/#map=5/58.5953/25.0136&layers=T;58.5953;25.0136;52
2020-03-17 02:53;Europe;Northern Europe;353;IRL;Ireland;;;;;;;;4.921.500;4,53;223;2;5;https://www.openstreetmap.org/#map=5/53.1424/-7.6921&layers=T;53.1424;-7.6921;53
2020-03-17 15:33;Europe;Northern Europe;354;ISL;Iceland;;;;;;;;364.260;60,40;220;1;0;https://www.openstreetmap.org/#map=5/64.9631/-19.0208&layers=T;64.9631;-19.0208;54
2020-03-17 22:53;Americas;Northern America;1;USA;United States;MA;;Massachusetts;;;;;6.547.629;3,33;218;0;1;https://www.openstreetmap.org/#map=5/42.2302/-71.5301&layers=T;42.2302;-71.5301;55
2020-03-17 23:33;Americas;Northern America;1;USA;United States;FL;;Florida;;;;;18.801.310;1,15;216;6;0;https://www.openstreetmap.org/#map=5/27.7663/-81.6868&layers=T;27.7663;-81.6868;56
2020-03-17 12:33;Oceania;Oceania;61;AUS;Australia;NSW;;New South Wales;;;;;8.089.526;2,60;210;4;4;https://www.openstreetmap.org/#map=5/-33.8688/151.2093&layers=T;-33.8688;151.2093;57
2020-03-17 15:33;Americas;South America;56;CHL;Chile;;;;;;;;19.107.216;1,05;201;0;0;https://www.openstreetmap.org/#map=5/-35.6751/-71.5430&layers=T;-35.6751;-71.5430;58
2020-03-17 18:13;Africa;Northern Africa;20;EGY;Egypt;;;;;;;;100.072.195;0,20;196;4;32;https://www.openstreetmap.org/#map=5/26.8206/30.8025&layers=T;26.8206;30.8025;59
2020-03-17 22:53;Americas;Northern America;1;USA;United States;LA;;Louisiana;;;;;4.533.372;4,32;196;4;0;https://www.openstreetmap.org/#map=5/31.1695/-91.8678&layers=T;31.1695;-91.8678;60
2020-03-17 10:33;Asia;South-eastern Asia;63;PHL;Philippines;;;;;;;;108.341.299;0,17;187;12;5;https://www.openstreetmap.org/#map=5/12.8797/121.7740&layers=T;12.8797;121.7740;61
2020-03-17 16:53;Americas;Northern America;1;CAN;Canada;ON;;Ontario;;;;;14.659.616;1,26;185;1;5;https://www.openstreetmap.org/#map=5/51.2538/-85.3232&layers=T;51.2538;-85.3232;62
2020-03-17 10:33;Europe;Eastern Europe;40;ROU;Romania;;;;;;;;19.405.156;0,95;184;0;16;https://www.openstreetmap.org/#map=5/45.9432/24.9668&layers=T;45.9432;24.9668;63
2020-03-17 10:33;Asia;South-eastern Asia;66;THA;Thailand;;;;;;;;66.475.817;0,27;177;1;41;https://www.openstreetmap.org/#map=5/15.8700/100.9925&layers=T;15.8700;100.9925;64
2020-03-16 23:53;Asia;Eastern Asia;86;CHN;China;云;;Yunnan;;;;;48.300.000;0,36;176;2;172;https://www.openstreetmap.org/#map=5/24.9740/101.4870&layers=T;24.9740;101.4870;65
2020-03-17 10:33;Asia;South-eastern Asia;62;IDN;Indonesia;;;;;;;;266.911.900;0,06;172;5;8;https://www.openstreetmap.org/#map=5/-0.7893/113.9213&layers=T;-0.7893;113.9213;66
2020-03-17 17:53;Asia;Western Asia;966;SAU;Saudi Arabia;;;;;;;;34.218.169;0,50;171;0;6;https://www.openstreetmap.org/#map=5/23.8859/45.0792&layers=T;23.8859;45.0792;67
2020-03-16 14:38;Asia;Eastern Asia;86;CHN;China;琼;;Hainan;;;;;9.340.000;1,80;168;6;161;https://www.openstreetmap.org/#map=5/19.1959/109.7453&layers=T;19.1959;109.7453;68
2020-03-17 10:13;Asia;Eastern Asia;86;CHN;China;港;;Hong Kong;;;;;7.450.000;2,17;162;4;88;https://www.openstreetmap.org/#map=5/22.3000/114.2000&layers=T;22.3000;114.2000;69
2020-03-17 22:53;Americas;Northern America;1;USA;United States;IL;;Illinois;;;;;12.830.632;1,25;161;1;2;https://www.openstreetmap.org/#map=5/40.3495/-88.9861&layers=T;40.3495;-88.9861;70
2020-03-17 22:53;Americas;Northern America;1;USA;United States;CO;;Colorado;;;;;5.029.196;3,18;160;2;0;https://www.openstreetmap.org/#map=5/39.0598/-105.3111&layers=T;39.0598;-105.3111;71
2020-03-17 15:33;Asia;Western Asia;964;IRQ;Iraq;;;;;;;;39.127.900;0,39;154;11;32;https://www.openstreetmap.org/#map=5/33.2232/43.6793&layers=T;33.2232;43.6793;72
2020-03-17 07:33;Asia;Eastern Asia;86;CHN;China;贵;;Guizhou;;;;;36.000.000;0,41;147;2;144;https://www.openstreetmap.org/#map=5/26.8154/106.8748&layers=T;26.8154;106.8748;73
2020-03-17 20:13;Americas;Northern America;1;USA;United States;GA;;Georgia;;;;;9.687.653;1,51;146;1;0;https://www.openstreetmap.org/#map=5/33.0406/-83.6431&layers=T;33.0406;-83.6431;74
2020-03-17 15:33;Asia;Southern Asia;91;IND;India;;;;;;;;1.359.238.350;0,01;142;3;14;https://www.openstreetmap.org/#map=5/20.5937/78.9629&layers=T;20.5937;78.9629;75
2020-03-17 15:33;Europe;Western Europe;352;LUX;Luxembourg;;;;;;;;613.894;22,81;140;1;0;https://www.openstreetmap.org/#map=5/49.8153/6.1296&layers=T;49.8153;6.1296;76
2020-03-15 18:20;Asia;Eastern Asia;86;CHN;China;津;;Tianjin;;;;;15.600.000;0,87;136;3;133;https://www.openstreetmap.org/#map=5/39.3054/117.3230&layers=T;39.3054;117.3230;77
2020-03-15 18:20;Asia;Eastern Asia;86;CHN;China;甘;;Gansu;;;;;26.370.000;0,50;133;2;91;https://www.openstreetmap.org/#map=5/36.0611/103.8343&layers=T;36.0611;103.8343;78
2020-03-13 11:09;Asia;Eastern Asia;86;CHN;China;晋;;Shanxi;;;;;37.180.000;0,36;133;0;133;https://www.openstreetmap.org/#map=5/37.5777/112.2922&layers=T;37.5777;112.2922;79
2020-03-17 10:53;Asia;Western Asia;965;KWT;Kuwait;;;;;;;;4.420.110;2,94;130;0;9;https://www.openstreetmap.org/#map=5/29.3117/47.4818&layers=T;29.3117;47.4818;80
2020-03-17 12:13;Asia;Eastern Asia;86;CHN;China;辽;;Liaoning;;;;;43.590.000;0,29;125;1;120;https://www.openstreetmap.org/#map=5/41.2956/122.6085&layers=T;41.2956;122.6085;81
2020-03-17 10:53;Asia;Western Asia;961;LBN;Lebanon;;;;;;;;6.855.713;1,75;120;3;3;https://www.openstreetmap.org/#map=5/33.8547/35.8623&layers=T;33.8547;35.8623;82
2020-03-17 15:53;Americas;South America;51;PER;Peru;;;;;;;;32.131.400;0,36;117;0;1;https://www.openstreetmap.org/#map=5/-9.1900/-75.0152&layers=T;-9.1900;-75.0152;83
2020-03-17 15:53;Europe;Eastern Europe;7;RUS;Russia;;;;;;;;146.780.720;0,08;114;0;8;https://www.openstreetmap.org/#map=5/61.5240/105.3188&layers=T;61.5240;105.3188;84
2020-03-17 23:13;Americas;Northern America;1;USA;United States;PA;;Pennsylvania;;;;;12.702.379;0,88;112;0;0;https://www.openstreetmap.org/#map=5/40.5908/-77.2098&layers=T;40.5908;-77.2098;85
2020-03-17 20:13;Americas;Northern America;1;USA;United States;TX;;Texas;;;;;25.145.561;0,44;110;1;0;https://www.openstreetmap.org/#map=5/31.0545/-97.5635&layers=T;31.0545;-97.5635;86
2020-03-16 01:33;Europe;Southern Europe;378;SMR;San Marino;;;;;;;;33.574;324,66;109;7;4;https://www.openstreetmap.org/#map=5/43.9424/12.4578&layers=T;43.9424;12.4578;87
2020-03-16 19:13;Americas;Northern America;1;CAN;Canada;BC;;British Columbia;;;;;5.105.576;2,02;103;4;4;https://www.openstreetmap.org/#map=5/53.7267/-127.6476&layers=T;53.7267;-127.6476;88
2020-03-16 00:22;Asia;Western Asia;971;ARE;United Arab Emirates;;;;;;;;9.770.529;1,00;98;0;23;https://www.openstreetmap.org/#map=5/23.4241/53.8478&layers=T;23.4241;53.8478;89
2020-03-17 12:53;Oceania;Oceania;61;AUS;Australia;VIC;;Victoria;;;;;6.594.804;1,43;94;0;8;https://www.openstreetmap.org/#map=5/-37.8136/144.9631&layers=T;-37.8136;144.9631;90
2020-03-16 00:22;Asia;Eastern Asia;86;CHN;China;吉;;Jilin;;;;;27.040.000;0,34;93;1;92;https://www.openstreetmap.org/#map=5/43.6661/126.1923&layers=T;43.6661;126.1923;91
2020-03-17 10:53;Americas;Central America;52;MEX;Mexico;;;;;;;;126.577.691;0,06;82;0;4;https://www.openstreetmap.org/#map=5/23.6345/-102.5528&layers=T;23.6345;-102.5528;92
2020-03-17 19:33;Asia;Western Asia;374;ARM;Armenia;;;;;;;;2.957.500;2,64;78;0;1;https://www.openstreetmap.org/#map=5/40.0691/45.0382&layers=T;40.0691;45.0382;93
2020-03-17 12:33;Oceania;Oceania;61;AUS;Australia;QLD;;Queensland;;;;;5.095.100;1,53;78;0;8;https://www.openstreetmap.org/#map=5/-28.0167/153.4000&layers=T;-28.0167;153.4000;94
2020-03-17 08:13;Asia;Eastern Asia;886;TWN;Taiwan;;;;;;;;23.604.265;0,33;77;1;22;https://www.openstreetmap.org/#map=5/23.7000/121.0000&layers=T;23.7000;121.0000;95
2020-03-11 02:18;Asia;Eastern Asia;86;CHN;China;新;;Xinjiang;;;;;24.870.000;0,31;76;3;73;https://www.openstreetmap.org/#map=5/41.1129/85.2401&layers=T;41.1129;85.2401;96
2020-03-16 14:38;Asia;Eastern Asia;86;CHN;China;蒙;;Inner Mongolia;;;;;25.340.000;0,30;75;1;73;https://www.openstreetmap.org/#map=5/44.0935/113.9448&layers=T;44.0935;113.9448;97
2020-03-16 14:38;Asia;Eastern Asia;86;CHN;China;宁;;Ningxia;;;;;6.880.000;1,09;75;0;75;https://www.openstreetmap.org/#map=5/37.2692/106.1655&layers=T;37.2692;106.1655;98
2020-03-17 03:13;Americas;Northern America;1;CAN;Canada;AB;;Alberta;;;;;4.395.586;1,68;74;0;0;https://www.openstreetmap.org/#map=5/53.9333/-116.5765&layers=T;53.9333;-116.5765;99
2020-03-17 19:33;Americas;Northern America;1;CAN;Canada;QC;;Quebec;;;;;8.522.800;0,87;74;0;0;https://www.openstreetmap.org/#map=5/52.9399/-73.5491&layers=T;52.9399;-73.5491;100
2020-03-17 23:13;Americas;Northern America;1;USA;United States;TN;;Tennessee;;;;;6.346.105;1,17;74;0;0;https://www.openstreetmap.org/#map=5/35.7478/-86.6923&layers=T;35.7478;-86.6923;101
2020-03-17 02:13;Europe;Eastern Europe;421;SVK;Slovakia;;;;;;;;5.456.362;1,32;72;0;0;https://www.openstreetmap.org/#map=5/48.6690/19.6990&layers=T;48.6690;19.6990;102
2020-03-17 20:13;Americas;Northern America;1;USA;United States;WI;;Wisconsin;;;;;5.686.986;1,27;72;0;1;https://www.openstreetmap.org/#map=5/44.2685/-89.6165&layers=T;44.2685;-89.6165;103
2020-03-17 10:53;Americas;Central America;507;PAN;Panama;;;;;;;;4.218.808;1,64;69;1;0;https://www.openstreetmap.org/#map=5/8.5380/-80.7821&layers=T;8.5380;-80.7821;104
2020-03-17 15:53;Americas;South America;54;ARG;Argentina;;;;;;;;44.938.712;0,15;68;2;3;https://www.openstreetmap.org/#map=5/-38.4161/-63.6167&layers=T;-38.4161;-63.6167;105
2020-03-17 23:13;Americas;Northern America;1;USA;United States;CT;;Connecticut;;;;;3.574.097;1,90;68;0;0;https://www.openstreetmap.org/#map=5/41.5978/-72.7554&layers=T;41.5978;-72.7554;106
2020-03-17 10:53;Europe;Eastern Europe;359;BGR;Bulgaria;;;;;;;;7.000.039;0,96;67;2;0;https://www.openstreetmap.org/#map=5/42.7339/25.4858&layers=T;42.7339;25.4858;107
2020-03-17 20:53;Americas;Northern America;1;USA;United States;OH;;Ohio;;;;;11.536.504;0,58;67;0;0;https://www.openstreetmap.org/#map=5/40.3888/-82.7649&layers=T;40.3888;-82.7649;108
2020-03-17 20:13;Americas;Northern America;1;USA;United States;VA;;Virginia;;;;;8.001.024;0,84;67;2;0;https://www.openstreetmap.org/#map=5/37.7693/-78.1700&layers=T;37.7693;-78.1700;109
2020-03-17 23:13;Americas;Northern America;1;USA;United States;OR;;Oregon;;;;;3.831.074;1,72;66;1;0;https://www.openstreetmap.org/#map=5/44.5720/-122.0709&layers=T;44.5720;-122.0709;110
2020-03-17 15:53;Asia;South-eastern Asia;84;VNM;Vietnam;;;;;;;;96.208.984;0,07;66;0;16;https://www.openstreetmap.org/#map=5/14.0583/108.2772&layers=T;14.0583;108.2772;111
2020-03-17 15:53;Americas;South America;57;COL;Colombia;;;;;;;;49.395.678;0,13;65;0;1;https://www.openstreetmap.org/#map=5/4.5709/-74.2973&layers=T;4.5709;-74.2973;112
2020-03-17 10:53;Europe;Southern Europe;385;HRV;Croatia;;;;;;;;4.076.246;1,59;65;0;4;https://www.openstreetmap.org/#map=5/45.1000/15.2000&layers=T;45.1000;15.2000;113
2020-03-17 11:13;Europe;Southern Europe;381;SRB;Serbia;;;;;;;;6.963.764;0,93;65;0;1;https://www.openstreetmap.org/#map=5/44.0165/21.0059&layers=T;44.0165;21.0059;114
2020-03-17 20:53;Americas;Northern America;1;USA;United States;MI;;Michigan;;;;;9.883.640;0,66;65;0;0;https://www.openstreetmap.org/#map=5/43.3266/-84.5361&layers=T;43.3266;-84.5361;115
2020-03-17 23:13;Americas;Northern America;1;USA;United States;NC;;North Carolina;;;;;9.535.483;0,67;64;0;0;https://www.openstreetmap.org/#map=5/35.6301/-79.8064&layers=T;35.6301;-79.8064;116
2020-03-16 14:38;Africa;Southern Africa;27;ZAF;South Africa;;;;;;;;58.775.022;0,11;62;0;0;https://www.openstreetmap.org/#map=5/-30.5595/22.9375&layers=T;-30.5595;22.9375;117
2020-03-17 03:13;Africa;Northern Africa;213;DZA;Algeria;;;;;;;;43.000.000;0,14;60;4;12;https://www.openstreetmap.org/#map=5/28.0339/1.6596&layers=T;28.0339;1.6596;118
2020-03-17 16:13;Americas;Northern America;1;USA;United States;MD;;Maryland;;;;;5.773.552;1,04;60;0;3;https://www.openstreetmap.org/#map=5/39.0639/-76.8021&layers=T;39.0639;-76.8021;119
2020-03-17 17:53;Americas;Northern America;1;USA;United States;MN;;Minnesota;;;;;5.303.925;1,13;60;0;0;https://www.openstreetmap.org/#map=5/45.6945/-93.9002&layers=T;45.6945;-93.9002;120
2020-03-17 03:13;Americas;South America;593;ECU;Ecuador;;;;;;;;17.434.416;0,33;58;2;0;https://www.openstreetmap.org/#map=5/-1.8312/-78.1834&layers=T;-1.8312;-78.1834;121
2020-03-17 15:53;Asia;South-eastern Asia;673;BRN;Brunei;;;;;;;;442.400;12,66;56;0;0;https://www.openstreetmap.org/#map=5/4.5353/114.7277&layers=T;4.5353;114.7277;122
2020-03-17 23:33;Americas;Northern America;1;USA;United States;NV;;Nevada;;;;;2.700.551;2,07;56;1;0;https://www.openstreetmap.org/#map=5/38.3135/-117.0554&layers=T;38.3135;-117.0554;123
2020-03-17 15:53;Europe;Southern Europe;355;ALB;Albania;;;;;;;;2.862.427;1,92;55;1;0;https://www.openstreetmap.org/#map=5/41.1533/20.1683&layers=T;41.1533;20.1683;124
2020-03-17 20:53;Americas;Northern America;1;USA;United States;UT;;Utah;;;;;2.763.885;1,85;51;0;0;https://www.openstreetmap.org/#map=5/40.1500/-111.8624&layers=T;40.1500;-111.8624;125
2020-03-17 11:13;Europe;Eastern Europe;36;HUN;Hungary;;;;;;;;9.772.756;0,51;50;1;2;https://www.openstreetmap.org/#map=5/47.1625/19.5033&layers=T;47.1625;19.5033;126
2020-03-17 11:13;Europe;Northern Europe;371;LVA;Latvia;;;;;;;;1.906.800;2,57;49;0;1;https://www.openstreetmap.org/#map=5/56.8796/24.6032&layers=T;56.8796;24.6032;127
2020-03-17 10:13;Europe;Northern Europe;298;FRO;Faroe Islands;;X;;;;;;52.124;90,17;47;0;0;https://www.openstreetmap.org/#map=5/61.8926/-6.9118&layers=T;61.8926;-6.9118;128
2020-03-17 22:13;Asia;Western Asia;90;TUR;Turkey;;;;;;;;83.154.997;0,06;47;1;0;https://www.openstreetmap.org/#map=5/38.9637/35.2433&layers=T;38.9637;35.2433;129
2020-03-16 16:53;Americas;Northern America;1;USA;United States;EXT-1;;Diamond Princess;;;;;50;94 %;47;0;0;https://www.openstreetmap.org/#map=5/35.4437/139.6380&layers=T;35.4437;139.6380;130
2020-03-17 23:13;Americas;Northern America;1;USA;United States;SC;;South Carolina;;;;;4.625.364;1,02;47;1;0;https://www.openstreetmap.org/#map=5/33.8569/-80.9450&layers=T;33.8569;-80.9450;131
2020-03-17 03:13;Asia;Western Asia;357;CYP;Cyprus;;;;;;;;875.900;5,25;46;0;0;https://www.openstreetmap.org/#map=5/35.1264/33.4299&layers=T;35.1264;33.4299;132
2020-03-17 15:53;Asia;Southern Asia;94;LKA;Sri Lanka;;;;;;;;21.803.000;0,20;44;0;1;https://www.openstreetmap.org/#map=5/7.8731/80.7718&layers=T;7.8731;80.7718;133
2020-03-17 03:13;Americas;Central America;506;CRI;Costa Rica;;;;;;;;5.058.007;0,81;41;0;0;https://www.openstreetmap.org/#map=5/9.7489/-83.7534&layers=T;9.7489;-83.7534;134
2020-03-17 20:53;Europe;Southern Europe;376;AND;Andorra;;;;;;;;77.543;50,29;39;0;1;https://www.openstreetmap.org/#map=5/42.5063/1.5218&layers=T;42.5063;1.5218;135
2020-03-17 23:13;Americas;Northern America;1;USA;United States;AL;;Alabama;;;;;4.779.736;0,82;39;0;0;https://www.openstreetmap.org/#map=5/32.3182/-86.9023&layers=T;32.3182;-86.9023;136
2020-03-17 15:53;Europe;Southern Europe;356;MLT;Malta;;;;;;;;493.559;7,70;38;0;2;https://www.openstreetmap.org/#map=5/35.9375/14.3754&layers=T;35.9375;14.3754;137
2020-03-17 15:53;Africa;Northern Africa;212;MAR;Morocco;;;;;;;;35.824.881;0,11;38;2;1;https://www.openstreetmap.org/#map=5/31.7917/-7.0926&layers=T;31.7917;-7.0926;138
2020-03-16 14:38;Europe;Eastern Europe;375;BLR;Belarus;;;;;;;;9.413.446;0,38;36;0;3;https://www.openstreetmap.org/#map=5/53.7098/27.9534&layers=T;53.7098;27.9534;139
2020-03-17 11:13;Asia;Western Asia;995;GEO;Georgia;;;;;;;;3.723.464;0,91;34;0;1;https://www.openstreetmap.org/#map=5/42.3154/43.3569&layers=T;42.3154;43.3569;140
2020-03-17 11:13;Asia;Western Asia;962;JOR;Jordan;;;;;;;;10.625.504;0,32;34;0;1;https://www.openstreetmap.org/#map=5/30.5852/36.2384&layers=T;30.5852;36.2384;141
2020-03-17 15:53;Asia;South-eastern Asia;855;KHM;Cambodia;;;;;;;;15.288.489;0,22;33;0;1;https://www.openstreetmap.org/#map=5/12.5657/104.9910&layers=T;12.5657;104.9910;142
2020-03-17 15:53;Asia;Central Asia;7;KAZ;Kazakhstan;;;;;;;;18.654.144;0,18;33;0;0;https://www.openstreetmap.org/#map=5/48.0196/66.9237&layers=T;48.0196;66.9237;143
2020-03-17 11:33;Americas;South America;58;VEN;Venezuela;;;;;;;;32.219.521;0,10;33;0;0;https://www.openstreetmap.org/#map=5/6.4238/-66.5897&layers=T;6.4238;-66.5897;144
2020-03-17 17:53;Americas;Northern America;1;USA;United States;ME;;Maine;;;;;1.328.361;2,41;32;0;0;https://www.openstreetmap.org/#map=5/44.6939/-69.3819&layers=T;44.6939;-69.3819;145
2020-03-17 12:53;Oceania;Oceania;61;AUS;Australia;WA;;Western Australia;;;;;2.621.680;1,18;31;1;0;https://www.openstreetmap.org/#map=5/-31.9505/115.8605&layers=T;-31.9505;115.8605;146
2020-03-17 15:53;Europe;Eastern Europe;373;MDA;Moldova;;;;;;;;2.681.735;1,12;30;0;1;https://www.openstreetmap.org/#map=5/47.4116/28.3699&layers=T;47.4116;28.3699;147
2020-03-17 23:13;Americas;Northern America;1;USA;United States;IN;;Indiana;;;;;6.483.802;0,46;30;2;0;https://www.openstreetmap.org/#map=5/39.8494/-86.2583&layers=T;39.8494;-86.2583;148
2020-03-16 14:38;Oceania;Oceania;61;AUS;Australia;SA;;South Australia;;;;;1.751.693;1,66;29;0;3;https://www.openstreetmap.org/#map=5/-34.9285/138.6007&layers=T;-34.9285;138.6007;149
2020-03-17 02:13;Americas;South America;598;URY;Uruguay;;;;;;;;3.518.552;0,82;29;0;0;https://www.openstreetmap.org/#map=5/-32.5228/-55.7658&layers=T;-32.5228;-55.7658;150
2020-03-17 11:53;Asia;Western Asia;994;AZE;Azerbaijan;;;;;;;;10.067.108;0,28;28;1;6;https://www.openstreetmap.org/#map=5/40.1431/47.5769&layers=T;40.1431;47.5769;151
2020-03-17 15:53;Europe;Southern Europe;387;BIH;Bosnia and Herzegovina;;;;;;;;3.301.000;0,79;26;0;2;https://www.openstreetmap.org/#map=5/43.9159/17.6791&layers=T;43.9159;17.6791;152
2020-03-17 11:53;Europe;Southern Europe;389;MKD;North Macedonia;;;;;;;;2.077.132;1,25;26;0;1;https://www.openstreetmap.org/#map=5/41.6086/21.7453&layers=T;41.6086;21.7453;153
2020-03-17 12:33;Africa;Western Africa;221;SEN;Senegal;;;;;;;;16.209.125;0,16;26;0;2;https://www.openstreetmap.org/#map=5/14.4974/-14.4524&layers=T;14.4974;-14.4524;154
2020-03-17 23:33;Americas;Northern America;1;USA;United States;KY;;Kentucky;;;;;4.339.367;0,60;26;1;1;https://www.openstreetmap.org/#map=5/37.6681/-84.6701&layers=T;37.6681;-84.6701;155
2020-03-17 23:13;Americas;Northern America;1;USA;United States;NH;;New Hampshire;;;;;1.316.470;1,97;26;0;0;https://www.openstreetmap.org/#map=5/43.4525/-71.5639&layers=T;43.4525;-71.5639;156
2020-03-17 18:53;Europe;Northern Europe;370;LTU;Lithuania;;;;;;;;2.793.350;0,89;25;0;1;https://www.openstreetmap.org/#map=5/55.1694/23.8813&layers=T;55.1694;23.8813;157
2020-03-17 11:53;Asia;Western Asia;968;OMN;Oman;;;;;;;;4.664.790;0,51;24;0;9;https://www.openstreetmap.org/#map=5/21.4735/55.9754&layers=T;21.4735;55.9754;158
2020-03-17 11:53;Africa;Northern Africa;216;TUN;Tunisia;;;;;;;;11.722.038;0,20;24;0;0;https://www.openstreetmap.org/#map=5/33.8869/9.5375&layers=T;33.8869;9.5375;159
2020-03-16 23:53;Americas;Northern America;1;USA;United States;IA;;Iowa;;;;;3.046.355;0,76;23;0;0;https://www.openstreetmap.org/#map=5/42.0115/-93.2105&layers=T;42.0115;-93.2105;160
2020-03-17 23:13;Americas;Northern America;1;USA;United States;NM;;New Mexico;;;;;2.059.179;1,12;23;0;0;https://www.openstreetmap.org/#map=5/34.8405/-106.2485&layers=T;34.8405;-106.2485;161
2020-03-17 20:53;Americas;Northern America;1;USA;United States;RI;;Rhode Island;;;;;1.052.567;2,19;23;0;0;https://www.openstreetmap.org/#map=5/41.6809/-71.5118&layers=T;41.6809;-71.5118;162
2020-03-17 11:53;Asia;Southern Asia;93;AFG;Afghanistan;;;;;;;;32.225.560;0,07;22;0;1;https://www.openstreetmap.org/#map=5/33.9391/67.7100&layers=T;33.9391;67.7100;163
2020-03-16 17:13;Americas;Northern America;1;USA;United States;AR;;Arkansas;;;;;2.915.918;0,75;22;0;0;https://www.openstreetmap.org/#map=5/34.9697/-92.3731&layers=T;34.9697;-92.3731;164
2020-03-16 23:53;Americas;Northern America;1;USA;United States;DC;;District of Columbia;;;;;601.723;3,66;22;0;0;https://www.openstreetmap.org/#map=5/38.8974/-77.0268&layers=T;38.8974;-77.0268;165
2020-03-17 08:13;Americas;Caribbean;1;DOM;Dominican Republic;;;;;;;;10.358.320;0,20;21;1;0;https://www.openstreetmap.org/#map=5/18.7357/-70.1627&layers=T;18.7357;-70.1627;166
2020-03-17 20:53;Americas;Northern America;1;USA;United States;EXT-2;;Grand Princess;;;;;21;100 %;21;0;0;https://www.openstreetmap.org/#map=5/37.6489/-122.6655&layers=T;37.6489;-122.6655;167
2020-03-17 17:53;Americas;Northern America;1;USA;United States;MS;;Mississippi;;;;;2.967.297;0,71;21;0;0;https://www.openstreetmap.org/#map=5/32.7416/-89.6787&layers=T;32.7416;-89.6787;168
2020-03-17 17:53;Americas;Northern America;1;USA;United States;NE;;Nebraska;;;;;1.826.341;1,15;21;0;0;https://www.openstreetmap.org/#map=5/41.1254/-98.2681&layers=T;41.1254;-98.2681;169
2020-03-17 23:13;Americas;Northern America;1;USA;United States;AZ;;Arizona;;;;;6.392.017;0,31;20;0;1;https://www.openstreetmap.org/#map=5/33.7298/-111.4312&layers=T;33.7298;-111.4312;170
2020-03-17 17:53;Americas;Northern America;1;USA;United States;OK;;Oklahoma;;;;;3.751.351;0,51;19;0;0;https://www.openstreetmap.org/#map=5/35.5653/-96.9289&layers=T;35.5653;-96.9289;171
2020-03-11 02:18;Asia;Eastern Asia;86;CHN;China;青;;Qinghai;;;;;6.030.000;0,30;18;0;18;https://www.openstreetmap.org/#map=5/35.7452/95.9956&layers=T;35.7452;95.9956;172
2020-03-17 10:53;Americas;Caribbean;590;GLP;Guadeloupe;;;;;;;;395.700;4,55;18;0;0;https://www.openstreetmap.org/#map=5/16.2650/-61.5510&layers=T;16.2650;-61.5510;173
2020-03-17 23:13;Americas;Northern America;1;USA;United States;KS;;Kansas;;;;;2.853.118;0,63;18;1;0;https://www.openstreetmap.org/#map=5/38.5266/-96.7265&layers=T;38.5266;-96.7265;174
2020-03-17 10:53;Americas;Caribbean;596;MTQ;Martinique;;;;;;;;376.480;4,25;16;1;0;https://www.openstreetmap.org/#map=5/14.6415/-61.0242&layers=T;14.6415;-61.0242;175
2020-03-17 23:33;Americas;Northern America;1;USA;United States;DE;;Delaware;;;;;897.934;1,78;16;0;0;https://www.openstreetmap.org/#map=5/39.3185/-75.5071&layers=T;39.3185;-75.5071;176
2020-03-16 14:38;Africa;Western Africa;226;BFA;Burkina Faso;;;;;;;;20.870.060;0,07;15;0;0;https://www.openstreetmap.org/#map=5/12.2383/-1.5616&layers=T;12.2383;-1.5616;177
2020-03-17 19:33;Europe;Eastern Europe;380;UKR;Ukraine;;;;;;;;41.902.416;0,03;14;2;0;https://www.openstreetmap.org/#map=5/48.3794/31.1656&layers=T;48.3794;31.1656;178
2020-03-15 18:20;Asia;Southern Asia;960;MDV;Maldives;;;;;;;;374.775;3,47;13;0;0;https://www.openstreetmap.org/#map=5/3.2028/73.2207&layers=T;3.2028;73.2207;179
2020-03-17 04:32;Asia;Eastern Asia;86;CHN;China;澳;X;Macao;;;;;660.000;1,82;12;0;10;https://www.openstreetmap.org/#map=5/22.1667/113.5500&layers=T;22.1667;113.5500;180
2020-03-17 12:13;Americas;Caribbean;1;JAM;Jamaica;;;;;;;;2.726.667;0,44;12;0;2;https://www.openstreetmap.org/#map=5/18.1096/-77.2975&layers=T;18.1096;-77.2975;181
2020-03-17 11:53;Oceania;Oceania;64;NZL;New Zealand;;;;;;;;4.961.950;0,24;12;0;0;https://www.openstreetmap.org/#map=5/-40.9006/174.8860&layers=T;-40.9006;174.8860;182
2020-03-16 17:13;Americas;Northern America;1;USA;United States;VT;;Vermont;;;;;625.741;1,92;12;0;0;https://www.openstreetmap.org/#map=5/44.0459/-72.7107&layers=T;44.0459;-72.7107;183
2020-03-16 14:38;Americas;South America;591;BOL;Bolivia;;;;;;;;11.469.896;0,10;11;0;0;https://www.openstreetmap.org/#map=5/-16.2902/-63.5887&layers=T;-16.2902;-63.5887;184
2020-03-16 14:38;Americas;South America;594;GUF;French Guiana;;;;;;;;290.691;3,78;11;0;0;https://www.openstreetmap.org/#map=5/3.9339/-53.1258&layers=T;3.9339;-53.1258;185
2020-03-17 23:33;Americas;Northern America;1;USA;United States;MO;;Missouri;;;;;5.988.927;0,18;11;0;0;https://www.openstreetmap.org/#map=5/38.4561/-92.2884&layers=T;38.4561;-92.2884;186
2020-03-17 23:33;Americas;Northern America;1;USA;United States;SD;;South Dakota;;;;;814.180;1,35;11;1;0;https://www.openstreetmap.org/#map=5/44.2998/-99.4388&layers=T;44.2998;-99.4388;187
2020-03-17 23:53;Americas;Northern America;1;USA;United States;WY;;Wyoming;;;;;563.626;1,95;11;0;0;https://www.openstreetmap.org/#map=5/42.7560/-107.3025&layers=T;42.7560;-107.3025;188
2020-03-17 12:13;Asia;Southern Asia;880;BGD;Bangladesh;;;;;;;;168.186.262;0,01;10;0;3;https://www.openstreetmap.org/#map=5/23.6850/90.3563&layers=T;23.6850;90.3563;189
2020-03-17 15:53;Africa;Middle Africa;237;CMR;Cameroon;;;;;;;;25.876.000;0,04;10;0;0;https://www.openstreetmap.org/#map=5/3.8480/11.5021&layers=T;3.8480;11.5021;190
2020-03-17 17:33;Americas;Northern America;1;USA;United States;HI;;Hawaii;;;;;1.360.301;0,74;10;0;0;https://www.openstreetmap.org/#map=5/21.0943/-157.4983&layers=T;21.0943;-157.4983;191
2020-03-17 12:13;Asia;Central Asia;998;UZB;Uzbekistan;;;;;;;;34.042.388;0,03;10;0;0;https://www.openstreetmap.org/#map=5/41.3775/64.5853&layers=T;41.3775;64.5853;192
2020-03-17 11:13;Africa;Eastern Africa;262;REU;Réunion;;X;;;;;;853.659;1,05;9;0;0;https://www.openstreetmap.org/#map=5/-21.1351/55.2471&layers=T;-21.1351;55.2471;193
2020-03-17 12:13;Americas;South America;595;PRY;Paraguay;;;;;;;;7.152.703;0,13;9;0;0;https://www.openstreetmap.org/#map=5/-23.4425/-58.4438&layers=T;-23.4425;-58.4438;194
2020-03-17 07:15;Africa;Eastern Africa;262;REU;Réunion;;;;;;;;853.659;1,05;9;0;0;https://www.openstreetmap.org/#map=5/-21.1151/55.5364&layers=T;-21.1151;55.5364;195
2020-03-17 17:33;Americas;Northern America;1;USA;United States;MT;;Montana;;;;;989.415;0,91;9;0;0;https://www.openstreetmap.org/#map=5/46.9219/-110.4544&layers=T;46.9219;-110.4544;196
2020-03-17 03:13;Americas;Northern America;1;CAN;Canada;EXT;;Grand Princess;;;;;2;400 %;8;0;0;https://www.openstreetmap.org/#map=5/37.6489/-122.6655&layers=T;37.6489;-122.6655;197
2020-03-17 19:33;Americas;Northern America;1;CAN;Canada;MB;;Manitoba;;;;;1.373.859;0,58;8;0;0;https://www.openstreetmap.org/#map=5/53.7609/-98.8139&layers=T;53.7609;-98.8139;198
2020-03-17 19:33;Americas;Northern America;1;CAN;Canada;NB;;New Brunswick;;;;;780.021;1,03;8;0;0;https://www.openstreetmap.org/#map=5/46.5653/-66.4619&layers=T;46.5653;-66.4619;199
2020-03-17 12:13;Americas;Central America;504;HND;Honduras;;;;;;;;9.158.345;0,09;8;0;0;https://www.openstreetmap.org/#map=5/15.2000/-86.2419&layers=T;15.2000;-86.2419;200
2020-03-17 23:33;Americas;Northern America;1;USA;United States;ID;;Idaho;;;;;1.567.582;0,51;8;0;0;https://www.openstreetmap.org/#map=5/44.2405/-114.4788&layers=T;44.2405;-114.4788;201
2020-03-16 14:38;Oceania;Oceania;61;AUS;Australia;TAS;;Tasmania;;;;;534.281;1,31;7;0;0;https://www.openstreetmap.org/#map=5/-41.4545/145.9707&layers=T;-41.4545;145.9707;202
2020-03-17 19:33;Americas;Northern America;1;CAN;Canada;NS;;Nova Scotia;;;;;976.768;0,72;7;0;0;https://www.openstreetmap.org/#map=5/44.6820/-63.7443&layers=T;44.6820;-63.7443;203
2020-03-16 20:13;Americas;Northern America;1;CAN;Canada;SK;;Saskatchewan;;;;;1.178.657;0,59;7;0;0;https://www.openstreetmap.org/#map=5/52.9399/-106.4509&layers=T;52.9399;-106.4509;204
2020-03-17 07:33;Americas;South America;594;GUF;French Guiana;;X;;;;;;290.691;2,41;7;0;0;https://www.openstreetmap.org/#map=5/4.0000/-53.0000&layers=T;4.0000;-53.0000;205
2020-03-17 19:33;Africa;Western Africa;233;GHA;Ghana;;;;;;;;30.280.811;0,02;7;0;0;https://www.openstreetmap.org/#map=5/7.9465/-1.0232&layers=T;7.9465;-1.0232;206
2020-03-17 10:53;Americas;South America;592;GUY;Guyana;;;;;;;;782.766;0,89;7;1;0;https://www.openstreetmap.org/#map=5/4.8604/-58.9302&layers=T;4.8604;-58.9302;207
2020-03-17 12:13;Europe;Western Europe;423;LIE;Liechtenstein;;;;;;;;38.557;18,15;7;0;0;https://www.openstreetmap.org/#map=5/47.1660/9.5554&layers=T;47.1660;9.5554;208
2020-03-16 14:38;Europe;Western Europe;377;MCO;Monaco;;;;;;;;38.300;18,28;7;0;0;https://www.openstreetmap.org/#map=5/43.7384/7.4246&layers=T;43.7384;7.4246;209
2020-03-17 02:33;Africa;Eastern Africa;250;RWA;Rwanda;;;;;;;;12.374.397;0,06;7;0;0;https://www.openstreetmap.org/#map=5/-1.9403/29.8739&layers=T;-1.9403;29.8739;210
2020-03-17 07:33;Americas;Caribbean;590;GLP;Guadeloupe;;X;;;;;;395.700;1,52;6;0;0;https://www.openstreetmap.org/#map=5/16.2500/-61.5833&layers=T;16.2500;-61.5833;211
2020-03-17 12:13;Americas;Central America;502;GTM;Guatemala;;;;;;;;16.604.026;0,04;6;1;0;https://www.openstreetmap.org/#map=5/15.7835/-90.2308&layers=T;15.7835;-90.2308;212
2020-03-16 14:38;Europe;Northern Europe;44;GBR;United Kingdom;CI;;Channel Islands;;;;;170.499;3,52;6;0;0;https://www.openstreetmap.org/#map=5/49.3723/-2.3644&layers=T;49.3723;-2.3644;213
2020-03-17 14:33;Africa;Western Africa;225;CIV;Côte d'Ivoire;;;;;;;;25.823.071;0,02;5;0;1;https://www.openstreetmap.org/#map=5/7.5400/-5.5471&layers=T;7.5400;-5.5471;214
2020-03-17 15:53;Americas;Caribbean;53;CUB;Cuba;;;;;;;;11.209.628;0,04;5;0;0;https://www.openstreetmap.org/#map=5/21.5218/-77.7812&layers=T;21.5218;-77.7812;215
2020-03-16 14:38;Africa;Eastern Africa;251;ETH;Ethiopia;;;;;;;;98.665.000;0,01;5;0;0;https://www.openstreetmap.org/#map=5/9.1450/40.4897&layers=T;9.1450;40.4897;216
2020-03-17 15:53;Asia;Eastern Asia;976;MNG;Mongolia;;;;;;;;3.305.182;0,15;5;0;0;https://www.openstreetmap.org/#map=5/46.8625/103.8467&layers=T;46.8625;103.8467;217
2020-03-17 15:53;Americas;Caribbean;1;TTO;Trinidad and Tobago;;;;;;;;1.363.985;0,37;5;0;0;https://www.openstreetmap.org/#map=5/10.6918/-61.2225&layers=T;10.6918;-61.2225;218
2020-03-16 00:22;Americas;Caribbean;1;PRI;Puerto Rico;;X;;;;;;3.193.694;0,16;5;0;0;https://www.openstreetmap.org/#map=5/18.2208/-66.5901&layers=T;18.2208;-66.5901;219
2020-03-17 12:33;Africa;Eastern Africa;248;SYC;Seychelles;;;;;;;;97.625;4,10;4;0;0;https://www.openstreetmap.org/#map=5/-4.6796/55.4920&layers=T;-4.6796;55.4920;220
2020-03-17 12:33;Americas;Caribbean;297;ABW;Aruba;;;;;;;;112.309;2,67;3;0;0;https://www.openstreetmap.org/#map=5/12.5211/-69.9683&layers=T;12.5211;-69.9683;221
2020-03-17 17:53;Americas;Northern America;1;CAN;Canada;NL;;Newfoundland and Labrador;;;;;521.922;0,57;3;0;0;https://www.openstreetmap.org/#map=5/53.1355/-57.6604&layers=T;53.1355;-57.6604;222
2020-03-17 12:33;Africa;Middle Africa;243;COD;DR Congo;;;;;;;;86.790.567;0,00;3;0;0;https://www.openstreetmap.org/#map=5/-4.0383/21.7587&layers=T;-4.0383;21.7587;223
2020-03-15 18:20;Oceania;Polynesia;689;PYF;French Polynesia;;X;;;;;;275.918;1,09;3;0;0;https://www.openstreetmap.org/#map=5/-17.6797/-149.4068&layers=T;-17.6797;-149.4068;224
2020-03-16 14:38;Americas;Caribbean;590;BLM;Saint Barthélemy;;X;;;;;;9.793;30,63;3;0;0;https://www.openstreetmap.org/#map=5/17.9000/-62.8333&layers=T;17.9000;-62.8333;225
2020-03-16 02:13;Oceania;Micronesia;1;GUM;Guam;;;;;;;;172.400;1,74;3;0;0;https://www.openstreetmap.org/#map=5/13.4443/144.7937&layers=T;13.4443;144.7937;226
2020-03-16 00:22;Africa;Eastern Africa;254;KEN;Kenya;;;;;;;;47.564.296;0,01;3;0;0;https://www.openstreetmap.org/#map=5/-0.0236/37.9062&layers=T;-0.0236;37.9062;227
2020-03-17 12:33;Americas;Caribbean;599;CUW;Curaçao;;X;;;;;;158.665;1,89;3;0;0;https://www.openstreetmap.org/#map=5/12.1696/-68.9900&layers=T;12.1696;-68.9900;228
2020-03-17 12:33;Africa;Western Africa;234;NGA;Nigeria;;;;;;;;200.963.599;0,00;3;0;0;https://www.openstreetmap.org/#map=5/9.0820/8.6753&layers=T;9.0820;8.6753;229
2020-03-17 17:33;Americas;Northern America;1;USA;United States;AK;;Alaska;;;;;710.231;0,42;3;0;0;https://www.openstreetmap.org/#map=5/61.3707/-152.4044&layers=T;61.3707;-152.4044;230
2020-03-15 18:20;Oceania;Micronesia;1;GUM;Guam;;X;;;;;;172.400;1,74;3;0;0;https://www.openstreetmap.org/#map=5/13.4443/144.7937&layers=T;13.4443;144.7937;231
2020-03-17 23:33;Americas;Northern America;1;USA;United States;ND;;North Dakota;;;;;672.591;0,45;3;0;0;https://www.openstreetmap.org/#map=5/47.5289/-99.7840&layers=T;47.5289;-99.7840;232
2020-03-17 02:53;Europe;Southern Europe;350;GIB;Gibraltar;;X;;;;;;33.701;8,90;3;0;1;https://www.openstreetmap.org/#map=5/36.1408/-5.3536&layers=T;36.1408;-5.3536;233
2020-03-16 14:38;Oceania;Oceania;61;AUS;Australia;ACT;;Australian Capital Territory;;;;;426.709;0,47;2;0;0;https://www.openstreetmap.org/#map=5/-35.4735/149.0124&layers=T;-35.4735;149.0124;234
2020-03-17 16:13;Americas;Caribbean;1;BRB;Barbados;;;;;;;;287.025;0,70;2;0;0;https://www.openstreetmap.org/#map=5/13.1939/-59.5432&layers=T;13.1939;-59.5432;235
2020-03-14 16:33;Americas;Caribbean;590;MAF;Saint Martin;;X;;;;;;35.746;5,60;2;0;0;https://www.openstreetmap.org/#map=5/18.0708/-63.0501&layers=T;18.0708;-63.0501;236
2020-03-15 18:20;Europe;Southern Europe;383;XK;Kosovo;;;;;;;;1.795.666;0,11;2;0;0;https://www.openstreetmap.org/#map=5/42.6026/20.9030&layers=T;42.6026;20.9030;237
2020-03-17 21:33;Europe;Southern Europe;382;MNE;Montenegro;;;;;;;;622.359;0,32;2;0;0;https://www.openstreetmap.org/#map=5/42.5000/19.3000&layers=T;42.5000;19.3000;238
2020-03-14 16:33;Africa;Southern Africa;264;NAM;Namibia;;;;;;;;2.458.936;0,08;2;0;0;https://www.openstreetmap.org/#map=5/-22.9576/18.4904&layers=T;-22.9576;18.4904;239
2020-03-17 04:32;Americas;Caribbean;1;LCA;Saint Lucia;;;;;;;;178.696;1,12;2;0;0;https://www.openstreetmap.org/#map=5/13.9094/-60.9789&layers=T;13.9094;-60.9789;240
2020-03-17 20:53;Americas;Caribbean;1;VIR;U.S. Virgin Islands;;X;;;;;;104.578;1,91;2;0;0;https://www.openstreetmap.org/#map=5/18.3358/-64.8963&layers=T;18.3358;-64.8963;241
2020-03-15 18:20;Americas;Caribbean;1;ATG;Antigua and Barbuda;;;;;;;;96.453;1,04;1;0;0;https://www.openstreetmap.org/#map=5/17.0608/-61.7964&layers=T;17.0608;-61.7964;242
2020-03-14 01:53;Oceania;Oceania;61;AUS;Australia;NT;;Northern Territory;;;;;245.869;0,41;1;0;0;https://www.openstreetmap.org/#map=5/-12.4634/130.8456&layers=T;-12.4634;130.8456;243
2020-03-16 14:38;Africa;Western Africa;229;BEN;Benin;;;;;;;;11.733.059;0,01;1;0;0;https://www.openstreetmap.org/#map=5/9.3077/2.3158&layers=T;9.3077;2.3158;244
2020-03-13 22:22;Asia;Southern Asia;975;BTN;Bhutan;;;;;;;;741.672;0,13;1;0;0;https://www.openstreetmap.org/#map=5/27.5142/90.4336&layers=T;27.5142;90.4336;245
2020-03-15 02:13;Americas;Northern America;1;CAN;Canada;PE;;Prince Edward Island;;;;;157.901;0,63;1;0;0;https://www.openstreetmap.org/#map=5/46.5107/-63.4168&layers=T;46.5107;-63.4168;246
2020-03-16 03:33;Africa;Middle Africa;236;CAF;Central African Republic;;;;;;;;5.496.011;0,02;1;0;0;https://www.openstreetmap.org/#map=5/6.6111/20.9394&layers=T;6.6111;20.9394;247
2020-03-11 02:18;Asia;Eastern Asia;86;CHN;China;བོད;X;Xizang;;;;;3.440.000;0,03;1;0;1;https://www.openstreetmap.org/#map=5/31.6927/88.0924&layers=T;31.6927;88.0924;248
2020-03-16 14:38;Africa;Middle Africa;242;COG;Congo Republic;;;;;;;;5.380.508;0,02;1;0;0;https://www.openstreetmap.org/#map=5/-0.2280/15.8277&layers=T;-0.2280;15.8277;249
2020-03-15 06:41;Africa;Middle Africa;240;GNQ;Equatorial Guinea;;;;;;;;1.358.276;0,07;1;0;0;https://www.openstreetmap.org/#map=5/1.5000/10.0000&layers=T;1.5000;10.0000;250
2020-03-15 06:41;Africa;Southern Africa;268;SWZ;Eswatini;;;;;;;;1.093.238;0,09;1;0;0;https://www.openstreetmap.org/#map=5/-26.5225/31.4659&layers=T;-26.5225;31.4659;251
2020-03-16 14:38;Africa;Eastern Africa;262;MYT;Mayotte;;X;;;;;;279.471;0,36;1;0;0;https://www.openstreetmap.org/#map=5/-12.8431/45.1383&layers=T;-12.8431;45.1383;252
2020-03-14 13:33;Africa;Middle Africa;241;GAB;Gabon;;;;;;;;2.172.579;0,05;1;0;0;https://www.openstreetmap.org/#map=5/-0.8037/11.6094&layers=T;-0.8037;11.6094;253
2020-03-16 16:53;Americas;Northern America;299;GRL;Greenland;;;;;;;;56.081;1,78;1;0;0;https://www.openstreetmap.org/#map=5/71.7069/-42.6043&layers=T;71.7069;-42.6043;254
2020-03-15 06:41;Africa;Western Africa;224;GIN;Guinea;;;;;;;;12.218.357;0,01;1;0;0;https://www.openstreetmap.org/#map=5/9.9456/-9.6966&layers=T;9.9456;-9.6966;255
2020-03-13 22:22;Europe;Southern Europe;39;VAT;Holy See;;;;;;;;799;125,16;1;0;0;https://www.openstreetmap.org/#map=5/41.9029/12.4534&layers=T;41.9029;12.4534;256
2020-03-17 12:13;Africa;Western Africa;231;LBR;Liberia;;;;;;;;4.475.353;0,02;1;0;0;https://www.openstreetmap.org/#map=5/6.4281/-9.4295&layers=T;6.4281;-9.4295;257
2020-03-15 18:20;Africa;Western Africa;222;MRT;Mauritania;;;;;;;;4.077.347;0,02;1;0;0;https://www.openstreetmap.org/#map=5/21.0079/-10.9408&layers=T;21.0079;-10.9408;258
2020-03-16 14:38;Africa;Eastern Africa;262;MYT;Mayotte;;;;;;;;279.471;0,36;1;0;0;https://www.openstreetmap.org/#map=5/-12.8275/45.1662&layers=T;-12.8275;45.1662;259
2020-03-13 22:22;Asia;Southern Asia;977;NPL;Nepal;;;;;;;;29.609.623;0,00;1;0;1;https://www.openstreetmap.org/#map=5/28.3949/84.1240&layers=T;28.3949;84.1240;260
2020-03-14 16:33;Americas;Caribbean;1;VCT;Saint Vincent and the Grenadines;;;;;;;;110.608;0,90;1;0;0;https://www.openstreetmap.org/#map=5/12.9843/-61.2872&layers=T;12.9843;-61.2872;261
2020-03-16 14:38;Africa;Eastern Africa;252;SOM;Somalia;;;;;;;;15.442.905;0,01;1;0;0;https://www.openstreetmap.org/#map=5/5.1521/46.1996&layers=T;5.1521;46.1996;262
2020-03-14 01:13;Africa;Northern Africa;249;SDN;Sudan;;;;;;;;42.306.185;0,00;1;1;0;https://www.openstreetmap.org/#map=5/12.8628/30.2176&layers=T;12.8628;30.2176;263
2020-03-14 16:33;Americas;South America;597;SUR;Suriname;;;;;;;;581.372;0,17;1;0;0;https://www.openstreetmap.org/#map=5/3.9193/-56.0278&layers=T;3.9193;-56.0278;264
2020-03-17 01:33;Africa;Eastern Africa;255;TZA;Tanzania;;;;;;;;55.890.747;0,00;1;0;0;https://www.openstreetmap.org/#map=5/-6.3690/34.8888&layers=T;-6.3690;34.8888;265
2020-03-16 03:33;Americas;Caribbean;1;BHS;Bahamas;;;;;;;;385.340;0,26;1;0;0;https://www.openstreetmap.org/#map=5/24.2500/-76.0000&layers=T;24.2500;-76.0000;266
2020-03-17 23:33;Africa;Western Africa;220;GMB;Gambia;;;;;;;;2.347.706;0,04;1;0;0;https://www.openstreetmap.org/#map=5/13.4667/-16.6000&layers=T;13.4667;-16.6000;267
2020-03-13 22:22;Africa;Western Africa;228;TGO;Togo;;;;;;;;7.538.000;0,01;1;0;0;https://www.openstreetmap.org/#map=5/8.6195/0.8248&layers=T;8.6195;0.8248;268
2020-03-17 23:33;Americas;Northern America;1;USA;United States;WV;;West Virginia;;;;;1.852.994;0,05;1;0;0;https://www.openstreetmap.org/#map=5/38.4912/-80.9545&layers=T;38.4912;-80.9545;269
2020-03-16 14:53;Americas;Caribbean;1;CYM;Cayman Islands;;X;;;;;;65.813;1,52;1;1;0;https://www.openstreetmap.org/#map=5/19.3133/-81.2546&layers=T;19.3133;-81.2546;270
2020-03-14 02:33;Oceania;Oceania;61;AUS;Australia;EXT;;From Diamond Princess;;;;;1;0,00;0;0;0;https://www.openstreetmap.org/#map=5/35.4437/139.6380&layers=T;35.4437;139.6380;271
2020-03-17 18:33;Europe;Channel Islands;44;GGY;Guernsey;;;;;;;;62.792;0,00;0;0;0;https://www.openstreetmap.org/#map=5/49.4500/-2.5800&layers=T;49.4500;-2.5800;272
2020-03-17 18:33;Europe;Channel Islands;44;JEY;Jersey;;;;;;;;106.800;0,00;0;0;0;https://www.openstreetmap.org/#map=5/49.1900/-2.1100&layers=T;49.1900;-2.1100;273
2020-03-17 16:13;Americas;Caribbean;1;PRI;Puerto Rico;;;;;;;;3.193.694;0,00;0;0;0;https://www.openstreetmap.org/#map=5/18.2000/-66.5000&layers=T;18.2000;-66.5000;274
2020-03-17 21:33;Africa;Middle Africa;242;COG;Congo Republic;;;;;;;;5.380.508;0,00;0;0;0;https://www.openstreetmap.org/#map=5/-1.4400/15.5560&layers=T;-1.4400;15.5560;275
2020-03-11 20:53;Asia;Western Asia;970;PSE;Palestine;;;;;;;;4.976.684;0,00;0;0;0;https://www.openstreetmap.org/#map=5/31.9522/35.2332&layers=T;31.9522;35.2332;276